id,img,alt,titre,lien
1,"https://images.prismic.io/zenika-website/b728d33f-40f5-4a67-87e8-61d09bc6f2a6_brest.png?auto=compress,format&rect=0,0,210,160&w=210&h=160&quot",mer de brest,brest,
2,"https://images.prismic.io/zenika-website/c3a86111-9bbe-485e-a820-c2d2905d114c_bordeaux.png?auto=compress,format&rect=0,0,210,160&w=210&h=160&quot",Une place à bordeaux,Bordeaux,
3,"https://images.prismic.io/zenika-website/b344f523-a789-4227-9fe6-216e94b01027_Casablanca.png?auto=compress,format&rect=0,0,210,160&w=210&h=160&quot;",Une place à Casablanca,Casablanca,
4,"https://images.prismic.io/zenika-website/c9fadba9-7234-4f62-972d-336964bdbb6b_clermont-ferrand-petite.png?auto=compress,format&rect=0,0,210,160&w=210&h=160&quot",Les montagnes de clérmont-Ferrand,Clermont-Ferrand,
5,"https://images.prismic.io/zenika-website/54201053-5aa4-49fa-a73e-e566b01de717_grenoble.png?auto=compress,format&rect=0,0,210,160&w=210&h=160&quot",Les boules volantes de Grenobles,Grenobles,
6,"https://images.prismic.io/zenika-website/3cf5521e-d446-4d90-80b8-d2176754e1df_lille.png?auto=compress,format&rect=0,0,210,160&w=210&h=160&quot",Un batiment de Lille,Lille,
7,"https://images.prismic.io/zenika-website/66611bc6-db32-403b-8149-3dcf77e805a8_lyon.png?auto=compress,format&rect=0,0,210,160&w=210&h=160&quot",Lyon et ça rivière,Lyon,
8,"https://images.prismic.io/zenika-website/8b49c3ce-bb56-4856-9ea2-82846c7e472d_jorgen-hendriksen-8jGtaL9Kc6U-unsplash.jpg?auto=compress,format&rect=0,1461,4000,3048&w=210&h=160&quot",L'éléphant mectronique de Nantes,Nantes,
9,"https://images.prismic.io/zenika-website/bc688c0d-7bba-4a98-9859-1a293e23a8bd_Niort.png?auto=compress,format&rect=13,0,184,140&w=210&h=160&quot",Rivière de Niort,Niort,
10,"https://images.prismic.io/zenika-website/496f91d5-d8dd-47ac-a202-1f43291826fe_paris.png?auto=compress,format&rect=0,0,210,160&w=210&h=160&quot",La tour effel de Paris,Paris,
11,"https://images.prismic.io/zenika-website/aaa6804a-ded7-4a32-95f6-03683b8223bd_rennes.png?auto=compress,format&rect=0,0,210,160&w=210&h=160&quot",La cathrédale de Rennes,Rennes,
12,"https://images.prismic.io/zenika-website/645e1164-fcd0-496e-89c8-661d30b08d98_Toulouse-thanks-to-DAT-VO-unsplash.jpg?auto=compress,format&rect=120,0,1680,1280&w=210&h=160&quot",Rivière de Toulouse,Toulouse,
13,"https://images.prismic.io/zenika-website/97789f05-200b-4e62-a769-212294787126_canada.jpg?auto=compress,format&rect=0,0,210,160&w=210&h=160&quot",Une feuille d'érable,Canada,
14,"https://images.prismic.io/zenika-website/c65445c4-57b3-4355-b1d0-5c45a47fc18e_singapore.png?auto=compress,format&rect=0,0,210,160&w=210&h=160&quot",Un ciel de Singapour,Singapour,